,precision,recall,f1-score,support
<30,0.3543821448013065,0.30279069767441863,0.326561324303988,2150.0
>30,0.6459658520254435,0.5721275018532246,0.6068087113766806,6745.0
NO,0.7856109906001446,0.8709418837675351,0.8260786922638281,9980.0
accuracy,0.6994437086092715,0.6994437086092715,0.6994437086092715,0.6994437086092715
macro avg,0.5953196624756316,0.5819533610983928,0.5864829093148322,18875.0
weighted avg,0.6865885546714633,0.6994437086092715,0.690823679697075,18875.0
