{
  "accuracy": 0.6994437086092715,
  "f1_macro": 0.5864829093148322,
  "per_class": {
    "<30": {
      "precision": 0.3543821448013065,
      "recall": 0.30279069767441863,
      "f1_score": 0.326561324303988,
      "support": 2150
    },
    ">30": {
      "precision": 0.6459658520254435,
      "recall": 0.5721275018532246,
      "f1_score": 0.6068087113766806,
      "support": 6745
    },
    "NO": {
      "precision": 0.7856109906001446,
      "recall": 0.8709418837675351,
      "f1_score": 0.8260786922638281,
      "support": 9980
    }
  }
}